{
    "providers": {
        "bilutv": {
            "name": "bilutv",
            "domain": "bilutv.com",
            "version": "0.0.11",
            "url": "https://raw.githubusercontent.com/TeaTV/TeaTV-add-ons/master/add-ons/es5/providers/bilutv.js",
            "type": [
                "tv",
                "movie"
            ]
        },
        "phimmoi": {
            "name": "phimmoi",
            "domain": "phimmoi.net",
            "version": "0.0.11",
            "url": "https://raw.githubusercontent.com/TeaTV/TeaTV-add-ons/master/add-ons/es5/providers/phimmoi.js",
            "type": [
                "tv",
                "movie"
            ]
        },
        "phimbathu": {
            "name": "phimbathu",
            "domain": "phimbathu.net",
            "version": "0.0.11",
            "url": "https://raw.githubusercontent.com/TeaTV/TeaTV-add-ons/master/add-ons/es5/providers/phimbathu.js",
            "type": [
                "tv",
                "movie"
            ]
        },
        "hdonline": {
            "name": "hdonline",
            "domain": "hdonline.vn",
            "version": "0.0.6",
            "url": "https://raw.githubusercontent.com/TeaTV/TeaTV-add-ons/master/add-ons/es5/providers/hdonline.js",
            "type": [
                "tv",
                "movie"
            ]
        },
        "afilm.filmhub": {
            "name": "afilm.filmhub",
            "domain": "afilm.filmhub.io",
            "version": "0.0.11",
            "url": "https://raw.githubusercontent.com/TeaTV/TeaTV-add-ons/master/add-ons/es5/providers/lululita.js",
            "type": [
                "tv",
                "movie"
            ]
        },
        "vkool": {
            "name": "vkool",
            "domain": "vkool.net",
            "version": "0.0.6",
            "url": "https://raw.githubusercontent.com/TeaTV/TeaTV-add-ons/master/add-ons/es5/providers/vkool.js",
            "type": [
                "tv",
                "movie"
            ]
        },
        "animehay": {
            "name": "animehay",
            "domain": "animehay.tv",
            "version": "0.0.5",
            "url": "https://raw.githubusercontent.com/TeaTV/TeaTV-add-ons/master/add-ons/es5/providers/animehay.js",
            "type": [
                "tv"
            ]
        },
        "vungtv": {
            "name": "vungtv",
            "domain": "vung.tv",
            "version": "0.0.10",
            "url": "https://raw.githubusercontent.com/TeaTV/TeaTV-add-ons/master/add-ons/es5/providers/vungtv.js",
            "type": [
                "tv",
                "movie"
            ]
        },
        "banhtv": {
            "name": "banhtv",
            "domain": "banhtv.com",
            "version": "0.0.3",
            "url": "https://raw.githubusercontent.com/TeaTV/TeaTV-add-ons/master/add-ons/es5/providers/banhtv.js",
            "type": [
                "tv",
                "movie"
            ]
        },
        "vuighe": {
            "name": "vuighe",
            "domain": "vuighe.net",
            "version": "0.0.3",
            "url": "https://raw.githubusercontent.com/TeaTV/TeaTV-add-ons/master/add-ons/es5/providers/vuighe.js",
            "type": [
                "tv"
            ]
        },
        "animetvn": {
            "name": "animetvn",
            "domain": "animetvn.tv",
            "version": "0.0.2",
            "url": "https://raw.githubusercontent.com/TeaTV/TeaTV-add-ons/master/add-ons/es5/providers/animetvn.js",
            "type": [
                "tv"
            ]
        }
    },
    "hosts": {
        "default": {
            "name": "default",
            "domain": [
                "default"
            ],
            "version": "0.0.1",
            "url": "https://raw.githubusercontent.com/TeaTV/TeaTV-add-ons/master/add-ons/es5/hosts/default.js"
        },
        "servercdn": {
            "name": "servercdn",
            "domain": [
                "xxx.servercdn.xyz"
            ],
            "version": "0.0.1",
            "url": "https://raw.githubusercontent.com/TeaTV/TeaTV-add-ons/master/add-ons/es5/hosts/server-cdn.js"
        },
        "159.65.142.116": {
            "name": "159.65.142.116",
            "domain": [
                "159.65.142.116"
            ],
            "version": "0.0.1",
            "url": "https://raw.githubusercontent.com/TeaTV/TeaTV-add-ons/master/add-ons/es5/hosts/files.wordpress.js"
        },
        "ggstream": {
            "name": "ggstream",
            "domain": [
                "s3.ggstream.me",
                "ss.ggstream.xyz"
            ],
            "version": "0.0.1",
            "url": "https://raw.githubusercontent.com/TeaTV/TeaTV-add-ons/master/add-ons/es5/hosts/ggstream.js"
        },
        "128.199.107.84": {
            "name": "128.199.107.84",
            "domain": [
                "128.199.107.84"
            ],
            "version": "0.0.3",
            "url": "https://raw.githubusercontent.com/TeaTV/TeaTV-add-ons/master/add-ons/es5/hosts/api.bilu.js"
        },
        "wordpress": {
            "name": "wordpress",
            "domain": [
                "videos.files.wordpress.com"
            ],
            "version": "0.0.1",
            "url": "https://raw.githubusercontent.com/TeaTV/TeaTV-add-ons/master/add-ons/es5/hosts/files.wordpress.js"
        },
        "googleapis": {
            "name": "googleapis",
            "domain": [
                "storage.googleapis.com"
            ],
            "version": "0.0.1",
            "url": "https://raw.githubusercontent.com/TeaTV/TeaTV-add-ons/master/add-ons/es5/hosts/googleusercontent.js"
        },
        "167.99.78.136": {
            "name": "167.99.78.136",
            "domain": [
                "167.99.78.136"
            ],
            "version": "0.0.1",
            "url": "https://raw.githubusercontent.com/TeaTV/TeaTV-add-ons/master/add-ons/es5/hosts/167.99.78.136.js"
        },
        "hdonline": {
            "name": "hdonline",
            "domain": [
                "vod-free.hdonline.vn",
                "s7.hdonline.vn",
                "s6.hdonline.vn",
                "free9.hdonline.vn"
            ],
            "version": "0.0.2",
            "url": "https://raw.githubusercontent.com/TeaTV/TeaTV-add-ons/master/add-ons/es5/hosts/vod-free.hdonline.js"
        },
        "fbcdn": {
            "name": "fbcdn",
            "domain": [
                "video.xx.fbcdn.net",
                "fbcdn.net"
            ],
            "version": "0.0.5",
            "url": "https://raw.githubusercontent.com/TeaTV/TeaTV-add-ons/master/add-ons/es5/hosts/video.xx.fbcdn.js"
        },
        "googlevideo": {
            "name": "googlevideo",
            "domain": [
                "googlevideo.com"
            ],
            "version": "0.0.4",
            "url": "https://raw.githubusercontent.com/TeaTV/TeaTV-add-ons/master/add-ons/es5/hosts/googlevideo.js"
        },
        "streamango": {
            "name": "streamango",
            "domain": "streamango.com",
            "version": "0.0.2",
            "url": "https://raw.githubusercontent.com/TeaTV/TeaTV-add-ons/master/add-ons/es5/hosts/streamango.js"
        },
        "api.bilutv": {
            "name": "api.bilutv",
            "domain": [
                "api.bilutv.com"
            ],
            "version": "0.0.3",
            "url": "https://raw.githubusercontent.com/TeaTV/TeaTV-add-ons/master/add-ons/es5/hosts/api.bilu.js"
        },
        "api.banhtv": {
            "name": "api.banhtv",
            "domain": [
                "api.banhtv.com"
            ],
            "version": "0.0.1",
            "url": "https://raw.githubusercontent.com/TeaTV/TeaTV-add-ons/master/add-ons/es5/hosts/api.banhtv.js"
        },
        "api.phimbathu": {
            "name": "api.phimbathu",
            "domain": [
                "api.phimbathu.com"
            ],
            "version": "0.0.2",
            "url": "https://raw.githubusercontent.com/TeaTV/TeaTV-add-ons/master/add-ons/es5/hosts/api.phimbathu.js"
        },
        "micetop": {
            "name": "micetop",
            "domain": [
                "cdn102.micetop.us",
                "banhtv.micetop.us"
            ],
            "version": "0.0.4",
            "url": "https://raw.githubusercontent.com/TeaTV/TeaTV-add-ons/master/add-ons/es5/hosts/cdn102.micetop.js"
        },
        "openload": {
            "name": "openload",
            "domain": [
                "openload.com",
                "openload.co",
                "oload.tv",
                "oload.stream",
                "oload.info",
                "oload.site"
            ],
            "version": "0.0.6",
            "author": "psyntium",
            "url": "https://raw.githubusercontent.com/TeaTV/TeaTV-add-ons/master/add-ons/es5/hosts/openload.js"
        },
        "okru": {
            "name": "okru",
            "domain": [
                "ok.ru"
            ],
            "version": "0.0.1",
            "url": "https://raw.githubusercontent.com/TeaTV/TeaTV-add-ons/master/add-ons/es5/hosts/ok-ru.js"
        },
        "teamdk": {
            "name": "teamdk",
            "domain": [
                "teamdk.net"
            ],
            "version": "0.0.3",
            "url": "https://raw.githubusercontent.com/TeaTV/TeaTV-add-ons/master/add-ons/es5/hosts/teamdk.js"
        },
        "estream": {
            "name": "estream",
            "domain": [
                "estream.to"
            ],
            "version": "0.0.2",
            "url": "https://raw.githubusercontent.com/TeaTV/TeaTV-add-ons/master/add-ons/es5/hosts/estream.js"
        },
        "thevideo": {
            "name": "thevideo",
            "domain": [
                "thevideo.me",
                "tvad.me"
            ],
            "version": "0.0.5",
            "url": "https://raw.githubusercontent.com/TeaTV/TeaTV-add-ons/master/add-ons/es5/hosts/thevideo.js"
        },
        "vidlink": {
            "name": "vidlink",
            "domain": [
                "vidlink.org"
            ],
            "version": "0.0.5",
            "url": "https://raw.githubusercontent.com/TeaTV/TeaTV-add-ons/master/add-ons/es5/hosts/vidlink.js"
        },
        "vidoza": {
            "name": "vidoza",
            "domain": [
                "vidoza.net"
            ],
            "version": "0.0.2",
            "url": "https://raw.githubusercontent.com/TeaTV/TeaTV-add-ons/master/add-ons/es5/hosts/vidoza.js"
        },
        "vidstreaming": {
            "name": "vidstreaming",
            "domain": [
                "vidstreaming.io"
            ],
            "version": "0.0.2",
            "url": "https://raw.githubusercontent.com/TeaTV/TeaTV-add-ons/master/add-ons/es5/hosts/vidstreaming.js"
        },
        "vidushare": {
            "name": "vidushare",
            "domain": [
                "vidushare.com"
            ],
            "version": "0.0.2",
            "url": "https://raw.githubusercontent.com/TeaTV/TeaTV-add-ons/master/add-ons/es5/hosts/vidushare.js"
        },
        "rapidvideo": {
            "name": "rapidvideo",
            "domain": [
                "rapidvideo.com"
            ],
            "version": "0.0.2",
            "url": "https://raw.githubusercontent.com/TeaTV/TeaTV-add-ons/master/add-ons/es5/hosts/rapidvideo.js"
        },
        "vidnode": {
            "name": "vidnode",
            "domain": [
                "vidnode.net"
            ],
            "version": "0.0.2",
            "url": "https://raw.githubusercontent.com/TeaTV/TeaTV-add-ons/master/add-ons/es5/hosts/vidnode.js"
        },
        "vidcdn": {
            "name": "vidcdn",
            "domain": [
                "vidcdn.pro"
            ],
            "version": "0.0.5",
            "url": "https://raw.githubusercontent.com/TeaTV/TeaTV-add-ons/master/add-ons/es5/hosts/vidcdn.js"
        },
        "m4ukido": {
            "name": "m4ukido",
            "domain": [
                "m4ukido.com"
            ],
            "version": "0.0.2",
            "url": "https://raw.githubusercontent.com/TeaTV/TeaTV-add-ons/master/add-ons/es5/hosts/m4ukido.js"
        },
        "googleusercontent": {
            "name": "googleusercontent",
            "domain": [
                "googleusercontent.com"
            ],
            "version": "0.0.3",
            "url": "https://raw.githubusercontent.com/TeaTV/TeaTV-add-ons/master/add-ons/es5/hosts/googleusercontent.js"
        },
        "212.47.226.206": {
            "name": "212.47.226.206",
            "domain": [
                "212.47.226.206"
            ],
            "version": "0.0.1",
            "url": "https://raw.githubusercontent.com/TeaTV/TeaTV-add-ons/master/add-ons/es5/hosts/212.47.226.206.js"
        },
        "212.47.234.139": {
            "name": "212.47.234.139",
            "domain": [
                "212.47.234.139"
            ],
            "version": "0.0.1",
            "url": "https://raw.githubusercontent.com/TeaTV/TeaTV-add-ons/master/add-ons/es5/hosts/212.47.234.139.js"
        }
    }
}