{
    "providers": {
        "5movies": {
            "name": "5movies",
            "domain": "5movies.to",
            "version": "0.4.1",
            "url": "https://raw.githubusercontent.com/TeaTV/TeaTV-add-ons/master/add-ons/es5/providers/5movies.js",
            "type": [
                "movie",
                "tv"
            ]
        },
        "fmoviesvc": {
            "name": "fmoviesvc",
            "domain": "fmovies.vc",
            "version": "0.4.3",
            "url": "https://raw.githubusercontent.com/TeaTV/TeaTV-add-ons/master/add-ons/es5/providers/fmoviesvc.js",
            "type": [
                "movie",
                "tv"
            ]
        },
        "housemovie": {
            "name": "housemovie",
            "domain": "housemovie.to",
            "version": "0.4.0",
            "url": "https://raw.githubusercontent.com/TeaTV/TeaTV-add-ons/master/add-ons/es5/providers/housemovie.js",
            "type": [
                "movie",
                "tv"
            ]
        },
        "yesmovies": {
            "name": "yesmovies",
            "domain": "yesmovies.to",
            "version": "0.4.9",
            "url": "https://raw.githubusercontent.com/TeaTV/TeaTV-add-ons/master/add-ons/es5/providers/yesmovies.js",
            "type": [
                "movie",
                "tv"
            ]
        },
        "m4u": {
            "name": "m4u",
            "domain": "m4ufree.tv",
            "version": "0.4.0",
            "url": "https://raw.githubusercontent.com/TeaTV/TeaTV-add-ons/master/add-ons/es5/providers/m4u.js",
            "type": [
                "movie"
            ]
        },
        "playdk": {
            "name": "playdk",
            "domain": "playdk.net",
            "version": "0.4.0",
            "url": "https://raw.githubusercontent.com/TeaTV/TeaTV-add-ons/master/add-ons/es5/providers/playdk.js",
            "type": [
                "movie",
                "tv"
            ]
        },
        "putlockerhd": {
            "name": "putlockerhd",
            "domain": "putlockerhd.co",
            "version": "0.4.0",
            "url": "https://raw.githubusercontent.com/TeaTV/TeaTV-add-ons/master/add-ons/es5/providers/putlockerhd.js",
            "type": [
                "movie",
                "tv"
            ]
        },
        "series9": {
            "name": "series9",
            "domain": "series9.io",
            "version": "0.4.1",
            "url": "https://raw.githubusercontent.com/TeaTV/TeaTV-add-ons/master/add-ons/es5/providers/series9.js",
            "type": [
                "tv",
                "movie"
            ]
        },
        "seehd": {
            "name": "seehd",
            "domain": "seehd.pl",
            "version": "0.4.1",
            "url": "https://raw.githubusercontent.com/TeaTV/TeaTV-add-ons/master/add-ons/es5/providers/seehd.js",
            "type": [
                "movie",
                "tv"
            ]
        },
        "watchepisodes4": {
            "name": "watchepisodes4",
            "domain": "watchepisodes4.com",
            "version": "0.4.3",
            "url": "https://raw.githubusercontent.com/TeaTV/TeaTV-add-ons/master/add-ons/es5/providers/watchepisodes4.js",
            "type": [
                "tv"
            ]
        },
        "watchseries": {
            "name": "watchseries",
            "domain": "watchseries.sk",
            "version": "0.4.0",
            "url": "https://raw.githubusercontent.com/TeaTV/TeaTV-add-ons/master/add-ons/es5/providers/watchseries.js",
            "type": [
                "tv"
            ]
        },
        "fmoviespe": {
            "name": "fmoviespe",
            "domain": "fmovies.pe",
            "version": "0.4.0",
            "url": "https://raw.githubusercontent.com/TeaTV/TeaTV-add-ons/master/add-ons/es5/providers/fmoviespe.js",
            "type": [
                "movie",
                "tv"
            ]
        },
        "123moviessolar": {
            "name": "123moviessolar",
            "domain": "123moviessolar.dit",
            "version": "0.1.5",
            "url": "https://raw.githubusercontent.com/TeaTV/TeaTV-add-ons/master/add-ons/es5/providers/123moviessolar.js",
            "type": [
                "tv"
            ]
        },
        "thanqn": {
            "name": "thanqn",
            "domain": "thanqn.dit",
            "version": "0.1.9",
            "url": "https://raw.githubusercontent.com/TeaTV/TeaTV-add-ons/master/add-ons/es5/providers/thanqn.js",
            "type": [
                "movie",
                "tv"
            ]
        },
        "umbo": {
            "name": "umbo",
            "domain": "umbo.dit",
            "version": "0.0.1",
            "url": "https://raw.githubusercontent.com/TeaTV/TeaTV-add-ons/master/add-ons/es5/providers/umbo.js",
            "type": [
                "movie",
                "tv"
            ]
        },
        "seriesfree": {
            "name": "seriesfree",
            "domain": "seriesfree.dit",
            "version": "0.1.4",
            "url": "https://raw.githubusercontent.com/TeaTV/TeaTV-add-ons/master/add-ons/es5/providers/seriesfree.js",
            "type": [
                "tv"
            ]
        },
        "movieflixter": {
            "name": "movieflixter",
            "domain": "movieflixter.dit",
            "version": "0.1.6",
            "url": "https://raw.githubusercontent.com/TeaTV/TeaTV-add-ons/master/add-ons/es5/providers/movieflixter.js",
            "type": [
                "tv",
                "movie"
            ]
        },
        "123moviesfree": {
            "name": "123moviesfree",
            "domain": "123moviesfree.dit",
            "version": "1.1.9",
            "url": "https://raw.githubusercontent.com/TeaTV/TeaTV-add-ons/master/add-ons/es5/providers/123moviesfree.js",
            "type": [
                "tv",
                "movie"
            ]
        },
        "gostream": {
            "name": "gostream",
            "domain": "gostream.dit",
            "version": "0.5.9",
            "url": "https://raw.githubusercontent.com/TeaTV/TeaTV-add-ons/master/add-ons/es5/providers/gostream.js",
            "type": [
                "tv",
                "movie"
            ]
        },
        "wfree": {
            "name": "wfree",
            "domain": "wfree.dit",
            "version": "0.0.2",
            "url": "https://raw.githubusercontent.com/TeaTV/TeaTV-add-ons/master/add-ons/es5/providers/wfreeac.js",
            "type": [
                "movie",
                "tv"
            ]
        },
        "2dll": {
            "name": "2dll",
            "domain": "2dll.dit",
            "version": "0.0.6",
            "url": "https://raw.githubusercontent.com/TeaTV/TeaTV-add-ons/master/add-ons/es5/providers/2dllws.js",
            "type": [
                "movie",
                "tv"
            ]
        },
        "rlsbb": {
            "name": "rlsbb",
            "domain": "rlsbb.dit",
            "version": "0.0.5",
            "url": "https://raw.githubusercontent.com/TeaTV/TeaTV-add-ons/master/add-ons/es5/providers/rlsbb.js",
            "type": [
                "movie",
                "tv"
            ]
        },
        "spacemov": {
            "name": "spacemov",
            "domain": "spacemov.dit",
            "version": "0.0.9",
            "url": "https://raw.githubusercontent.com/TeaTV/TeaTV-add-ons/master/add-ons/es5/providers/spacemov.js",
            "type": [
                "movie",
                "tv"
            ]
        },
        "scnsrc": {
            "name": "scnsrc",
            "domain": "scnsrc.dit",
            "version": "0.0.1",
            "url": "https://raw.githubusercontent.com/TeaTV/TeaTV-add-ons/master/add-ons/es5/providers/scnsrc.js",
            "type": [
                "movie",
                "tv"
            ]
        },
        "thanrd": {
            "name": "thanrd",
            "domain": "thanrd.dit",
            "version": "0.0.1",
            "url": "https://raw.githubusercontent.com/TeaTV/TeaTV-add-ons/master/add-ons/es5/providers/thanrd.js",
            "type": [
                "movie",
                "tv"
            ]
        },
        "darewatch": {
            "name": "darewatch",
            "domain": "darewatch.dit",
            "version": "0.0.1",
            "url": "https://raw.githubusercontent.com/TeaTV/TeaTV-add-ons/master/add-ons/es5/providers/darewatch.js",
            "type": [
                "movie",
                "tv"
            ]
        },
        "popcorns": {
            "name": "popcorns",
            "domain": "popcorns.dit",
            "version": "0.0.2",
            "url": "https://raw.githubusercontent.com/TeaTV/TeaTV-add-ons/master/add-ons/es5/providers/hdpopcornsco.js",
            "type": [
                "movie"
            ]
        },
        "flixanity": {
            "name": "flixanity",
            "domain": "flixanity.io",
            "version": "1.7.1",
            "url": "https://raw.githubusercontent.com/TeaTV/TeaTV-add-ons/master/add-ons/es5/providers/flixanity.js",
            "type": [
                "movie"
            ]
        },
        "watchhdmovie": {
            "name": "watchhdmovie",
            "domain": "watchhdmovie.dit",
            "version": "0.0.1",
            "url": "https://raw.githubusercontent.com/TeaTV/TeaTV-add-ons/master/add-ons/es5/providers/watchhdmovie.js",
            "type": [
                "movie"
            ]
        },
        "filmxyz": {
            "name": "filmxyz",
            "domain": "filmxyz.dit",
            "version": "0.0.1",
            "url": "https://raw.githubusercontent.com/TeaTV/TeaTV-add-ons/master/add-ons/es5/providers/filmxy.js",
            "type": [
                "movie"
            ]
        },
        "slikers": {
            "name": "slikers",
            "domain": "streamlikers.dit",
            "version": "0.0.5",
            "url": "https://raw.githubusercontent.com/TeaTV/TeaTV-add-ons/master/add-ons/es5/providers/streamlikers.js",
            "type": [
                "movie",
                "tv"
            ]
        },
        "insidefilm": {
            "name": "insidefilm",
            "domain": "insidefilm.dit",
            "version": "0.0.1",
            "url": "https://raw.githubusercontent.com/TeaTV/TeaTV-add-ons/master/add-ons/es5/providers/insidefilm.js",
            "type": [
                "movie",
                "tv"
            ]
        }
    },
    "hosts": {
        "rapidvideo": {
            "name": "rapidvideo",
            "domain": "rapidvideo.com",
            "version": "0.1.9",
            "url": "https://raw.githubusercontent.com/TeaTV/TeaTV-add-ons/master/add-ons/es5/hosts/rapidvideo.js"
        },
        "tocloud": {
            "name": "tocloud",
            "domain": "tocloud.co",
            "version": "0.0.9",
            "url": "https://raw.githubusercontent.com/TeaTV/TeaTV-add-ons/master/add-ons/es5/hosts/tocloud.js"
        },
        "uploadhaven": {
            "name": "uploadhaven",
            "domain": [
                "uploadhaven.com"
            ],
            "version": "0.0.1",
            "url": "https://raw.githubusercontent.com/TeaTV/TeaTV-add-ons/master/add-ons/es5/hosts/uploadhaven.js"
        },
        "consistent": {
            "name": "consistent",
            "domain": [
                "consistent.stream"
            ],
            "version": "0.0.1",
            "url": "https://raw.githubusercontent.com/TeaTV/TeaTV-add-ons/master/add-ons/es5/hosts/consistent.js"
        },
        "streamango": {
            "name": "streamango",
            "domain": "streamango.com",
            "version": "0.0.8",
            "url": "https://raw.githubusercontent.com/TeaTV/TeaTV-add-ons/master/add-ons/es5/hosts/streamango.js"
        },
        "openload": {
            "name": "openload",
            "domain": [
                "openload.com",
                "openload.co",
                "oload.tv",
                "oload.stream",
                "oload.info",
                "oload.site",
                "oload.win"
            ],
            "version": "0.2.4",
            "author": "psyntium",
            "url": "https://raw.githubusercontent.com/TeaTV/TeaTV-add-ons/master/add-ons/es5/hosts/openload.js"
        },
        "putload": {
            "name": "putload",
            "domain": [
                "putload.tv"
            ],
            "version": "0.0.3",
            "url": "https://raw.githubusercontent.com/TeaTV/TeaTV-add-ons/master/add-ons/es5/hosts/putload.js"
        },
        "teamdk": {
            "name": "teamdk",
            "domain": [
                "teamdk.net"
            ],
            "version": "0.0.3",
            "url": "https://raw.githubusercontent.com/TeaTV/TeaTV-add-ons/master/add-ons/es5/hosts/teamdk.js"
        },
        "estream": {
            "name": "estream",
            "domain": [
                "estreamdisable.to"
            ],
            "version": "0.0.4",
            "url": "https://raw.githubusercontent.com/TeaTV/TeaTV-add-ons/master/add-ons/es5/hosts/estream.js"
        },
        "thevideo": {
            "name": "thevideo",
            "domain": [
                "thevideo.me",
                "tvad.me",
                "thevideo.website"
            ],
            "version": "0.0.5",
            "url": "https://raw.githubusercontent.com/TeaTV/TeaTV-add-ons/master/add-ons/es5/hosts/thevideo.js"
        },
        "vidstreaming": {
            "name": "vidstreaming",
            "domain": [
                "vidstreaming.io"
            ],
            "version": "0.0.2",
            "url": "https://raw.githubusercontent.com/TeaTV/TeaTV-add-ons/master/add-ons/es5/hosts/vidstreaming.js"
        },
        "vidushare": {
            "name": "vidushare",
            "domain": [
                "vidushare.com"
            ],
            "version": "0.0.2",
            "url": "https://raw.githubusercontent.com/TeaTV/TeaTV-add-ons/master/add-ons/es5/hosts/vidushare.js"
        },
        "okru": {
            "name": "okru",
            "domain": [
                "ok.ru"
            ],
            "version": "0.2.9",
            "url": "https://raw.githubusercontent.com/TeaTV/TeaTV-add-ons/master/add-ons/es5/hosts/ok-ru.js"
        },
        "vidnode": {
            "name": "vidnode",
            "domain": [
                "vidnode.net"
            ],
            "version": "0.0.3",
            "url": "https://raw.githubusercontent.com/TeaTV/TeaTV-add-ons/master/add-ons/es5/hosts/vidnode.js"
        },
        "vidcdn": {
            "name": "vidcdn",
            "domain": [
                "vidcdn.pro"
            ],
            "version": "0.0.5",
            "url": "https://raw.githubusercontent.com/TeaTV/TeaTV-add-ons/master/add-ons/es5/hosts/vidcdn.js"
        },
        "m4ukido": {
            "name": "m4ukido",
            "domain": [
                "m4ukido.com"
            ],
            "version": "0.0.2",
            "url": "https://raw.githubusercontent.com/TeaTV/TeaTV-add-ons/master/add-ons/es5/hosts/m4ukido.js"
        },
        "googleusercontent": {
            "name": "googleusercontent",
            "domain": [
                "googleusercontent.com"
            ],
            "version": "0.0.3",
            "url": "https://raw.githubusercontent.com/TeaTV/TeaTV-add-ons/master/add-ons/es5/hosts/googleusercontent.js"
        },
        "212.47.226.206": {
            "name": "212.47.226.206",
            "domain": [
                "212.47.226.206"
            ],
            "version": "0.0.1",
            "url": "https://raw.githubusercontent.com/TeaTV/TeaTV-add-ons/master/add-ons/es5/hosts/212.47.226.206.js"
        },
        "212.47.234.139": {
            "name": "212.47.234.139",
            "domain": [
                "212.47.234.139"
            ],
            "version": "0.0.1",
            "url": "https://raw.githubusercontent.com/TeaTV/TeaTV-add-ons/master/add-ons/es5/hosts/212.47.234.139.js"
        },
        "fbcdn": {
            "name": "fbcdn",
            "domain": [
                "video.xx.fbcdn.net",
                "scontent.xx.fbcdn.net",
                "fbcdn.net",
                "instagram.com"
            ],
            "version": "0.6.9",
            "url": "https://raw.githubusercontent.com/TeaTV/TeaTV-add-ons/master/add-ons/es5/hosts/video.xx.fbcdn.js"
        },
        "afdah": {
            "name": "afdah",
            "domain": [
                "afdah.to"
            ],
            "version": "0.9.1",
            "url": "https://raw.githubusercontent.com/TeaTV/TeaTV-add-ons/master/add-ons/es5/hosts/afdah.js"
        },
        "default": {
            "name": "default",
            "domain": [
                "default.to"
            ],
            "version": "0.7.1",
            "url": "https://raw.githubusercontent.com/TeaTV/TeaTV-add-ons/master/add-ons/es5/hosts/default.js"
        },
        "googlevideo": {
            "name": "googlevideo",
            "domain": [
                "googlevideo.com"
            ],
            "version": "0.0.9",
            "url": "https://raw.githubusercontent.com/TeaTV/TeaTV-add-ons/master/add-ons/es5/hosts/googlevideo.js"
        },
        "vidlox": {
            "name": "vidlox",
            "domain": [
                "vidlox.me"
            ],
            "version": "0.0.4",
            "url": "https://raw.githubusercontent.com/TeaTV/TeaTV-add-ons/master/add-ons/es5/hosts/vidlox.js"
        },
        "vidoza": {
            "name": "vidoza",
            "domain": [
                "vidoza.net"
            ],
            "version": "1.0.1",
            "url": "https://raw.githubusercontent.com/TeaTV/TeaTV-add-ons/master/add-ons/es5/hosts/vidoza.js"
        },
        "realdebit": {
            "name": "realdebit",
            "domain": [
                "uploadgig.com",
                "rapidgator.net",
                "nitroflare.com"
            ],
            "version": "0.0.1",
            "url": "https://raw.githubusercontent.com/TeaTV/TeaTV-add-ons/master/add-ons/es5/hosts/realdebit.js"
        },
        "hdpopcornscosv": {
            "name": "hdpopcornscosv",
            "domain": [
                "85.93.91.137"
            ],
            "version": "0.0.1",
            "url": "https://raw.githubusercontent.com/TeaTV/TeaTV-add-ons/master/add-ons/es5/hosts/hdpopcornscosv.js"
        }
    }
}