{
    "providers": {
        "primeware": {
            "name": "primeware",
            "domain": "primeware.ag",
            "version": "0.0.7",
            "url": "https://raw.githubusercontent.com/TeaTV/TeaTV-add-ons/master/add-ons/providers/primeware.js",
            "type": ["movie", "tv"]
        },
        "afdah": {
            "name": "afdah",
            "domain": "afdah.to",
            "version": "0.0.3",
            "url": "https://raw.githubusercontent.com/TeaTV/TeaTV-add-ons/master/add-ons/providers/afdah.js",
            "type": ["movie"]
        },
        "flixanity": {
            "name": "flixanity",
            "domain": "flixanity.mobi",
            "version": "0.0.3",
            "url": "https://raw.githubusercontent.com/TeaTV/TeaTV-add-ons/master/add-ons/providers/flixanity.js",
            "type": ["movie", "tv"]
        },
        "gowatchfreemovies": {
            "name": "gowatchfreemovies",
            "domain": "gowatchfreemovies.to",
            "version": "0.0.3",
            "url": "https://raw.githubusercontent.com/TeaTV/TeaTV-add-ons/master/add-ons/providers/gowatchfreemovies.js",
            "type": ["movie", "tv"]
        },
        "m4ufree": {
            "name": "m4ufree",
            "domain": "m4ufree.club",
            "version": "0.0.5",
            "url": "https://raw.githubusercontent.com/TeaTV/TeaTV-add-ons/master/add-ons/providers/m4ufree.js",
            "type": ["movie", "tv"]
        },
        "mytv": {
            "name": "mytv",
            "domain": "api.teatv.net",
            "version": "0.0.4",
            "url": "https://raw.githubusercontent.com/TeaTV/TeaTV-add-ons/master/add-ons/providers/mytv.js",
            "type": ["movie", "tv"]
        },
        "playdk": {
            "name": "playdk",
            "domain": "playdk.net",
            "version": "0.0.3",
            "url": "https://raw.githubusercontent.com/TeaTV/TeaTV-add-ons/master/add-ons/providers/playdk.js",
            "type": ["movie", "tv"]
        },
        "putlockerhd": {
            "name": "putlockerhd",
            "domain": "putlockerhd.co",
            "version": "0.0.3",
            "url": "https://raw.githubusercontent.com/TeaTV/TeaTV-add-ons/master/add-ons/providers/putlockerhd.js",
            "type": ["movie", "tv"]
        },
        "seehd": {
            "name": "seehd",
            "domain": "seehd.pl",
            "version": "0.0.3",
            "url": "https://raw.githubusercontent.com/TeaTV/TeaTV-add-ons/master/add-ons/providers/seehd.js",
            "type": ["movie", "tv"]
        },
        "seehduno": {
            "name": "seehduno",
            "domain": "seehd.uno",
            "version": "0.0.4",
            "url": "https://raw.githubusercontent.com/TeaTV/TeaTV-add-ons/master/add-ons/providers/seehduno.js",
            "type": ["tv", "movie"]
        },
        "watchseriesepisode": {
            "name": "watchseriesepisode",
            "domain": "watchseriesepisode.com",
            "version": "0.0.5",
            "url": "https://raw.githubusercontent.com/TeaTV/TeaTV-add-ons/master/add-ons/providers/watchseriesepisode.js",
            "type": ["tv"]
        },
        "watchepisodes4": {
            "name": "watchepisodes4",
            "domain": "watchepisodes4.com",
            "version": "0.0.1",
            "url": "https://raw.githubusercontent.com/TeaTV/TeaTV-add-ons/master/add-ons/providers/watchepisodes4.js",
            "type": ["tv"]
        },
        "yesmovies": {
            "name": "yesmovies",
            "domain": "yesmovies.to",
            "version": "0.0.4",
            "url": "https://raw.githubusercontent.com/TeaTV/TeaTV-add-ons/master/add-ons/providers/yesmovies.js",
            "type": ["tv", "movie"]
        },
        "vumoo": {
            "name": "vumoo",
            "domain": "vumoo.to",
            "version": "0.0.2",
            "url": "https://raw.githubusercontent.com/TeaTV/TeaTV-add-ons/master/add-ons/providers/vumoo.js",
            "type": ["tv", "movie"]
        },
        "series9": {
            "name": "series9",
            "domain": "series9.co",
            "version": "0.0.1",
            "url": "https://raw.githubusercontent.com/TeaTV/TeaTV-add-ons/master/add-ons/providers/series9.js",
            "type": ["tv", "movie"]
        },
        "vexmovies": {
            "name": "vexmovies",
            "domain": "vexmovies.org",
            "version": "0.0.1",
            "url": "https://raw.githubusercontent.com/TeaTV/TeaTV-add-ons/master/add-ons/providers/vexmovies.js",
            "type": ["movie"]
        },
        "hollymovies": {
            "name": "hollymovies",
            "domain": "hollymoviehd.com",
            "version": "0.0.7",
            "url": "https://raw.githubusercontent.com/TeaTV/TeaTV-add-ons/master/add-ons/providers/hollymovies.js",
            "type": ["movie", "tv"]
        },
        "dizilab": {
            "name": "dizilab",
            "domain": "dizilab.me",
            "version": "0.0.1",
            "url": "https://raw.githubusercontent.com/TeaTV/TeaTV-add-ons/master/add-ons/providers/dizilab.js",
            "type": ["tv"]
        },
        "watchseries": {
            "name": "watchseries",
            "domain": "watchseries.sk",
            "version": "0.0.1",
            "url": "https://raw.githubusercontent.com/TeaTV/TeaTV-add-ons/master/add-ons/providers/watchseries.js",
            "type": ["tv"]
        },
        "gomovieshub": {
            "name": "gomovieshub",
            "domain": "gomovieshub.sc",
            "version": "0.0.1",
            "url": "https://raw.githubusercontent.com/TeaTV/TeaTV-add-ons/master/add-ons/providers/gomovieshub.js",
            "type": ["tv", "movie"]
        },
        "housemovie": {
            "name": "housemovie",
            "domain": "housemovie.to",
            "version": "0.0.2",
            "url": "https://raw.githubusercontent.com/TeaTV/TeaTV-add-ons/master/add-ons/providers/housemovie.js",
            "type": ["movie"]
        },
        "fmoviespe": {
            "name": "fmoviespe",
            "domain": "fmovies.pe",
            "version": "0.0.2",
            "url": "https://raw.githubusercontent.com/TeaTV/TeaTV-add-ons/master/add-ons/providers/fmoviespe.js",
            "type": ["movie", "tv"]
        },
        "pubfilm": {
            "name": "pubfilm",
            "domain": "pubfilm.is",
            "version": "0.0.3",
            "url": "https://raw.githubusercontent.com/TeaTV/TeaTV-add-ons/master/add-ons/providers/pubfilm.js",
            "type": ["movie", "tv"]
        },
        "vidics": {
            "name": "vidics",
            "domain": "vidics.to",
            "version": "0.0.1",
            "url": "https://raw.githubusercontent.com/TeaTV/TeaTV-add-ons/master/add-ons/providers/vidics.js",
            "type": ["tv"]
        }
    },
    "hosts": {
        "tocloud": {
            "name": "tocloud",
            "domain": "tocloud.co",
            "version": "0.0.1",
            "url": "https://raw.githubusercontent.com/TeaTV/TeaTV-add-ons/master/add-ons/hosts/tocloud.js"
        },
        "streamango": {
            "name": "streamango",
            "domain": "streamango.com",
            "version": "0.0.1",
            "url": "https://raw.githubusercontent.com/TeaTV/TeaTV-add-ons/master/add-ons/hosts/streamango.js"
        },
        "openload": {
            "name": "openload",
            "domain": ["openload.com", "openload.co", "oload.tv", "oload.stream", "oload.info", "oload.site"],
            "version": "0.0.2",
            "author": "psyntium",
            "url": "https://raw.githubusercontent.com/TeaTV/TeaTV-add-ons/master/add-ons/hosts/openload.js"
        },
        "teamdk": {
            "name": "teamdk",
            "domain": ["teamdk.net"],
            "version": "0.0.2",
            "url": "https://raw.githubusercontent.com/TeaTV/TeaTV-add-ons/master/add-ons/hosts/teamdk.js"
        },
        "estream": {
            "name": "estream",
            "domain": ["estream.to"],
            "version": "0.0.1",
            "url": "https://raw.githubusercontent.com/TeaTV/TeaTV-add-ons/master/add-ons/hosts/estream.js"
        },
        "thevideo": {
            "name": "thevideo",
            "domain": ["thevideo.me", "tvad.me"],
            "version": "0.0.2",
            "url": "https://raw.githubusercontent.com/TeaTV/TeaTV-add-ons/master/add-ons/hosts/thevideo.js"
        },
        "vidlink": {
            "name": "vidlink",
            "domain": ["vidlink.org"],
            "version": "0.0.5",
            "url": "https://raw.githubusercontent.com/TeaTV/TeaTV-add-ons/master/add-ons/hosts/vidlink.js"
        },
        "vidoza": {
            "name": "vidoza",
            "domain": ["vidoza.net"],
            "version": "0.0.1",
            "url": "https://raw.githubusercontent.com/TeaTV/TeaTV-add-ons/master/add-ons/hosts/vidoza.js"
        },
        "vidstreaming": {
            "name": "vidstreaming",
            "domain": ["vidstreaming.io"],
            "version": "0.0.1",
            "url": "https://raw.githubusercontent.com/TeaTV/TeaTV-add-ons/master/add-ons/hosts/vidstreaming.js"
        },
        "vidushare": {
            "name": "vidushare",
            "domain": ["vidushare.com"],
            "version": "0.0.1",
            "url": "https://raw.githubusercontent.com/TeaTV/TeaTV-add-ons/master/add-ons/hosts/vidushare.js"
        },
        "ok-ru": {
            "name": "ok-ru",
            "domain": ["ok.ru"],
            "version": "0.0.1",
            "url": "https://raw.githubusercontent.com/TeaTV/TeaTV-add-ons/master/add-ons/hosts/ok-ru.js"
        },
        "rapidvideo": {
            "name": "rapidvideo",
            "domain": ["rapidvideo.com"],
            "version": "0.0.1",
            "url": "https://raw.githubusercontent.com/TeaTV/TeaTV-add-ons/master/add-ons/hosts/rapidvideo.js"
        },
        "vidnode": {
            "name": "vidnode",
            "domain": ["vidnode.net"],
            "version": "0.0.1",
            "url": "https://raw.githubusercontent.com/TeaTV/TeaTV-add-ons/master/add-ons/hosts/vidnode.js"
        },
        "vidcdn": {
            "name": "vidcdn",
            "domain": ["vidcdn.pro"],
            "version": "0.0.4",
            "url": "https://raw.githubusercontent.com/TeaTV/TeaTV-add-ons/master/add-ons/hosts/vidcdn.js"
        },
        "dfcdn": {
            "name": "dfcdn",
            "domain": ["dfcdn.net"],
            "version": "0.0.1",
            "url": "https://raw.githubusercontent.com/TeaTV/TeaTV-add-ons/master/add-ons/hosts/dfcdn.js"
        },
        "m4ukido": {
            "name": "m4ukido",
            "domain": ["m4ukido.com"],
            "version": "0.0.1",
            "url": "https://raw.githubusercontent.com/TeaTV/TeaTV-add-ons/master/add-ons/hosts/m4ukido.js"
        },
        "googleusercontent": {
            "name": "googleusercontent",
            "domain": ["googleusercontent.com"],
            "version": "0.0.2",
            "url": "https://raw.githubusercontent.com/TeaTV/TeaTV-add-ons/master/add-ons/hosts/googleusercontent.js"
        },
        "212.47.226.206": {
            "name": "212.47.226.206",
            "domain": ["212.47.226.206"],
            "version": "0.0.2",
            "url": "https://raw.githubusercontent.com/TeaTV/TeaTV-add-ons/master/add-ons/hosts/212.47.226.206.js"
        },
        "212.47.234.139": {
            "name": "212.47.234.139",
            "domain": ["212.47.234.139"],
            "version": "0.0.2",
            "url": "https://raw.githubusercontent.com/TeaTV/TeaTV-add-ons/master/add-ons/hosts/212.47.234.139.js"
        },
        "videozoo": {
            "name": "videozoo",
            "domain": ["videozoo.gogoanime.to", "playbb.gogoanime.to", "videowing.gogoanime.to", "easyvideo.gogoanime.to"],
            "version": "0.0.1",
            "url": "https://raw.githubusercontent.com/TeaTV/TeaTV-add-ons/master/add-ons/hosts/videozoo.js"
        },
        "docs.google": {
            "name": "docs.google",
            "domain": ["docs.google.com"],
            "version": "0.0.1",
            "url": "https://raw.githubusercontent.com/TeaTV/TeaTV-add-ons/master/add-ons/hosts/docs.google.js"
        }
    }
}
